sitio,id_dispositivo,tipo_dispositivo,lon,lat,fecha_puesta,fecha_retiro,esfuerzo,hora_puesta,hora_retiro,paisaje,uso_general,instalacion_en,marca,modelo,pollo,obs,obs2
CP,CP00_1,camera,-53.847418,-34.411259,30/05/2022,31/07/2022,62,10:10:00,12:19:00,,ganadero-turístico-forestal,tronco,Browning,,,,
CP,CP00_2,camera,-53.84575,-34.410487,30/05/2022,31/07/2022,84,10:33:00,,,ganadero-turístico-forestal,tronco,Browning,,,,
CP,CP01_0,soundrecording,-53.852892,-34.418738,29/05/2022,31/07/2022,,15:13:00,,,,,,,,Grabador en pino maduro. Monte de pino maduro con sotobosque. ,
CP,CP01_1,camera,-53.855206,-34.419868,29/05/2022,31/07/2022,63,15:48:00,,,,estaca,Stealth,,,,
CP,CP01_2,camera,-53.851338,-34.416773,29/05/2022,31/07/2022,63,16:18:00,,,,tronco,Browning,,,,
CP,CP01_3,camera,-53.849277,-34.419646,29/05/2022,31/07/2022,63,16:40:00,11:07:00,,,tronco,Browning,,,,
CP,CP02_0,soundrecording,-53.858262,-34.401185,30/05/2022,31/07/2022,,10:40:00,09:51:00,,,,,,,Monte de pinos relativamente jóvenes (5-6 m). Mucho follaje abajo y mucha pinocha en sustrato. Aledaño a un trillo.,
CP,CP02_1,camera,-53.855988,-34.403291,29/05/2022,31/07/2022,63,10:56:00,10:02:00,,forestal,tronco,Browning,,,,
CP,CP02_2,camera,-53.857552,-34.399182,30/05/2022,31/07/2022,62,11:27:00,10:14:00,,forestal,estaca,Browning,,,,
CP,CP02_3,camera,-53.861368,-34.401718,30/05/2022,31/07/2022,62,11:53:00,09:38:00,,forestal,tronco,Browning,,,,
CP,CP03_0,soundrecording,-53.839534,-34.408259,29/05/2022,31/07/2022,,15:17:00,12:58:00,,,,mini,,,en acacia,
CP,CP03_1,camera,-53.837392,-34.406828,29/05/2022,31/07/2022,63,14:56:00,12:44:00,Monte de pinos,forestal,tronco,Browning,,,,
CP,CP03_2,camera,-53.841486,-34.407203,29/05/2022,31/07/2022,63,15:45:00,13:24:00,,,estaca,Browning,,,,
CP,CP03_3,camera,-53.839139,-34.410124,29/05/2022,31/07/2022,63,16:14:00,13:10:00,,,tronco,Browning,,,,
CP,CP05_0,soundrecording,-53.820056,-34.394745,28/05/2022,30/07/2022,,11:41:00,09:31:00,,,,micro,,,,
CP,CP05_1,camera,-53.817135,-34.396245,28/05/2022,30/07/2022,63,11:54:00,09:50:00,,turistico,tronco,Browning,,,,
CP,CP05_2,camera,-53.823021,-34.395491,28/05/2022,30/07/2022,63,12:16:00,09:52:00,,,tronco,Browning,,,,
CP,CP05_3,camera,-53.820727,-34.391088,28/05/2022,30/07/2022,63,12:36:00,09:40:00,,turistico,tronco,Stealth,,,,
CP,CP06_0,soundrecording,-53.827307,-34.376958,28/05/2022,30/07/2022,,13:36:00,10:38:00,,,,,,,Rodeado de bañado en bosque psamófilo-ribereño.,
CP,CP06_1,camera,-53.827249,-34.373914,28/05/2022,30/07/2022,63,13:55:00,10:27:00,,,tronco,Stealth,,,,
CP,CP06_2,camera,-53.827113,-34.380803,28/05/2022,30/07/2022,63,14:37:00,11:04:00,,,tronco,Browning,,,,
CP,CP06_3,camera,-53.824016,-34.376526,28/05/2022,30/07/2022,63,15:38:00,10:17:00,,,tronco,Bushnell,,,,
CP,CP07_0,soundrecording,-53.80558,-34.381369,29/05/2022,31/07/2022,,10:47:00,15:43:00,,,,,,,Monte de pinos maduros con sotobosque de acacia y algunos renovales.,
CP,CP07_1,camera,-53.80877,-34.380804,29/05/2022,31/07/2022,63,10:59:00,15:22:00,,turistico-forestal,tronco,Browning,,,,
CP,CP07_2,camera,-53.803798,-34.379367,29/05/2022,31/07/2022,63,11:29:00,15:33:00,,turistico-forestal,tronco,Browning,,,,
CP,CP07_3,camera,-53.8045,-34.383778,29/05/2022,31/07/2022,63,11:53:00,15:56:00,,,tronco,Browning,,,,
CP,CP09_0,soundrecording,-53.787845,-34.368491,29/05/2022,30/07/2022,,11:13:00,,,,,,,,,
CP,CP09_1,camera,-53.793079,-34.36504,29/05/2022,30/07/2022,62,11:34:00,11:34:00,,turistico,estaca,Stealth,,,,
CP,CP09_2,camera,-53.782507,-34.366527,29/05/2022,30/07/2022,62,12:18:00,14:22:00,,turistico,estaca,Bushnell,,,,
CP,CP09_3,camera,-53.792119,-34.369587,29/05/2022,30/07/2022,62,12:42:00,14:56:00,,forestal,tronco,Stealth,,,,
CP,CP10_0,soundrecording,-53.811806,-34.363281,28/05/2022,30/07/2022,,16:32:00,12:05:00,,,,,,,robado,
CP,CP10_1,camera,-53.80885,-34.362241,28/05/2022,30/07/2022,63,16:47:00,12:28:00,,ganadero,,Bushnell,,,,
CP,CP10_2,camera,-53.813083,-34.36324,28/05/2022,30/07/2022,63,17:08:00,12:15:00,,,estaca,Stealth,,,,
CP,CP10_3,camera,-53.809745,-34.36604,28/05/2022,30/07/2022,42,17:24:00,11:58:00,,ganadero,tronco,Bushnell,,,el esfuerzo de esta es complicado porque la dieron vuelta muchas veces. Yo consideré hasta la última foto de pájaro EK002395,
CP,CP11_0,soundrecording,-53.773951,-34.356577,30/05/2022,30/07/2022,,15:39:00,,,,,,,,Pastizal húmedo entre dunas con lagunetas temporales,
CP,CP11_1,camera,-53.774829,-34.353831,30/05/2022,30/07/2022,61,15:59:00,16:13:00,,,,Stealth,,,,
CP,CP11_2,camera,-53.770062,-34.356361,30/05/2022,30/07/2022,61,16:45:00,16:02:00,,,estaca,Bushnell,,,,
CP,CP11_3,camera,-53.775606,-34.358479,30/05/2022,30/07/2022,61,17:03:00,15:51:00,,,estaca,Bushnell,,,,
CP,CP12_0,soundrecording,-53.792379,-34.354274,28/05/2022,30/07/2022,,16:36:00,12:11:00,,,,mini,,,,
CP,CP12_1,camera,-53.791881,-34.356921,28/05/2022,30/07/2022,63,,12:35:00,,,tronco,Browning,,,,
CP,CP12_2,camera,-53.789999,-34.351642,28/05/2022,30/07/2022,63,17:36:00,12:57:00,,,tronco,Bushnell,,,,
CP,CP12_3,camera,-53.794419,-34.355588,28/05/2022,30/07/2022,53,,12:18:00,,turistico,tronco,Browning,,,última foto 20/7 y despúes se apagó.,
CP,CP13_0,soundrecording,-53.850396,-34.374476,30/05/2022,29/07/2022,,10:22:00,17:25:00,,,poste,micro,,,en poste de alambrado,
CP,CP13_1,camera,-53.852583,-34.372902,30/05/2022,29/07/2022,60,10:41:00,17:30:00,,,estaca,Browning,,,,
CP,CP13_2,camera,-53.853488,-34.375663,30/05/2022,29/07/2022,60,11:00:00,17:32:00,,,estaca,Browning,,,,
CP,CP13_3,camera,-53.848677,-34.375756,30/05/2022,29/07/2022,60,11:10:00,17:18:00,,,estaca,Browning,,,,
CV,CV01_1,camera,-53.5516409998975,-33.96907,1/05/2022,1/07/2022,61,11:24,10:55,Monte de Pinos/Dunas,,tronco,Stealth,,2,,
CV,CV01_2,camera,-53.5495299998971,-33.968338,1/05/2022,1/07/2022,61,11:48,228,Dunas,,estaca,Stealth,,2,,
CV,CV01_3,camera,-53.5475129998968,-33.9643349999959,1/05/2022,1/07/2022,0,12:35,11:40,,,estaca,Bushnell,,2,Robada,
CV,CV02_1,camera,-53.5472299998967,-33.969083,30/04/2022,30/06/2022,61,17:08,16:54,Bosque psamófilo,,estaca,Browning,,2,,
CV,CV02_2,camera,-53.5443609998962,-33.9502469999959,30/04/2022,30/06/2022,61,17:38,16:38,Pradera psamófila,,estaca,Browning,,2,,
CV,CV02_3,camera,-53.5420379998958,-33.9520979999959,30/04/2022,30/06/2022,0,18:19,,Duna,,tronco,Browning,,2,Robada,
CV,CV03_1,camera,-53.5417479998958,-33.9543479999959,1/05/2022,1/07/2022,61,13:54,12:34,Pradera inundable,Ganadero,estaca,Browning,,2,,
CV,CV03_2,camera,-53.5392819998953,-33.9519579999959,1/05/2022,1/07/2022,61,14:14,12:20,Monte de Pinos,,tronco,Bushnell,,2,,
CV,CV03_3,camera,-53.5350919998946,-33.9685789999959,1/05/2022,1/07/2022,61,15:06,12:50,Monte de Pinos,,tronco,Browning,,2,,
CV,CV04_1,camera,-53.5326809998941,-33.9689269999958,30/04/2022,1/07/2022,0,17:11,16:20,Monte de Pinos,Forestal (abandonado),tronco,Browning,Dark ops,2,Robada,
CV,CV04_2,camera,-53.531697999894,-33.9615129999958,30/04/2022,30/06/2022,61,17:30,16:43,Monte de Pinos,,tronco,Browning,Dark ops,2,,
CV,CV04_3,camera,-53.5312369998939,-33.9314959999958,30/04/2022,30/06/2022,61,17:49,16:55,Monte de Pinos,,tronco,Browning,Dark ops,2,,
CV,CV05_1,camera,-53.5302609998937,-33.9658139999958,1/05/2022,1/07/2022,61,16:51,9:37,Monte de Eucalyptus,,tronco,Browning,,2,,
CV,CV05_2,camera,-53.5288619998934,-33.9633939999958,1/05/2022,1/07/2022,61,17:28,9:20,Pradera psamófila,,tronco,Browning,,2,apagada,
CV,CV05_3,camera,-53.526128999893,-33.9612339999958,1/05/2022,1/07/2022,61,17:50,10:07,Caraguatal,,estaca,Bushnell,,1,apagada,
CV,CV06_1,camera,-53.5247499998928,-33.9155529999957,1/05/2022,1/07/2022,61,11:32,9:28,Bosque psamófilo/cañada,,estaca,Browning,Dark ops,2,,
CV,CV06_2,camera,-53.5235319998925,-33.9479459999957,1/05/2022,1/07/2022,61,11:58,9:53,Matorral psamófilo,,estaca,Browning,Dark ops,2,,
CV,CV06_3,camera,-53.5217579998923,-33.9144549999957,1/05/2022,1/07/2022,61,13:44,12:39,Monte de acacia,,tronco,Browning,Dark ops,2,apagada,
CV,CV07_1,camera,-53.5212549998921,-33.9434629999957,1/05/2022,1/07/2022,61,16:05,14:25,Bosque psamófilo,Ganadero,tronco,Browning,Dark ops,2,,
CV,CV07_2,camera,-53.520689999892,-33.9465929999957,1/05/2022,1/07/2022,61,16:41,14:11,Bosque parque,Ganadero,tronco,Browning,Dark ops,1,apagada,
CV,CV07_3,camera,-53.5194359998918,-33.9165169999957,1/05/2022,1/07/2022,61,,14:50,Bosque ,Ganadero,tronco,Browning,Dark ops,2,,
CV,CV08_1,camera,-53.5184949998917,-33.9141429999957,2/05/2022,1/07/2022,60,11:36,10:26,Bosque ribereño/quebrada,,tronco,Browning,,2,apagada,
CV,CV08_2,camera,-53.5179629998915,-33.9473559999957,2/05/2022,1/07/2022,60,12:24,10:40,,,estaca,Browning,,0,,
CV,CV01-0,soundrecording,-53.5154769998911,-33.9308799999956,1/05/2022,1/07/2022,,12:09,10:34,,,,,,,,
CV,CV02-0,soundrecording,-53.5126489998906,-33.9310459999956,30/04/2022,30/06/2022,,18:05,17:03,,,,,,,,
CV,CV03-0,soundrecording,-53.5118289998904,-33.9331359999956,1/05/2022,1/07/2022,,14:33,12:30,,,,,,,,
CV,CV04-0,soundrecording,-53.50935799989,-33.9289109999956,30/04/2022,30/06/2022,,16:52,15:44,,,,,,,,
CV,CV05-0,soundrecording,-53.5298969998937,-33.9306909999958,1/05/2022,1/07/2022,,16:25,,,,,,,,,
CV,CV06-0,soundrecording,-53.5318889998941,-33.9340699999958,1/05/2022,1/07/2022,,10:47,9:43,,,,,,,,
CV,CV07-0,soundrecording,-53.5341669998945,-33.9330619999958,1/05/2022,1/07/2022,,15:20,14:41,,,,,,,,
LG,LG00_1,camera,-54.545646,-34.772353,30/7/2019,2/10/2019,64,NA,12:20,Bosque psamófilo,,,Bushnell,Trophi Cam HD,2,"Dentro Fragm. Mte. Psamofilo, con buen desarrollo de sotobosque, junto a laguneta, trillo, ca. 5 m del borde del fragm., a 10 m de lagunetas",
LG,LG00_2,camera,-54.548365,-34.769479,30/7/2019,2/10/2019,64,NA,12:40,Matorral psamófilo,,,Bushnell,Trophi Cam HD,2,"Alambrado e Matorral Psamófilo abierto, 15-20 m de camino (Caracol), 100 m de casa",
LG,LG00_3,camera,-54.543073,-34.768434,30/7/2019,2/10/2019,64,NA,12:55,Matorral psamófilo,,,Bushnell,Trophi Cam HD,2,"Dentro Fragm. Mte. Psamofilo, trillo, ca. 10-15 m del borde, 15-20 m de camino, buen desarollo de sotobosque",
LG,LG01_1,camera,-54.524296,-34.777007,30/7/2019,2/10/2019,64,NA,10:15,Bosque ribereño,,,Bushnell,Trophi Cam HD,2,"Junto a Lag. Larga, extremo E (donde se transforma en caraguatal), pequeña isla de monte ribereño-psamófilo, 2-5 m del agua, rodeado de pastizal pastoreado y plantacion abierta de pino, algunas casas",
LG,LG01_2,camera,-54.526743,-34.780835,30/7/2019,2/10/2019,64,NA,10:30,Matorral psamófilo,,,Bushnell,Trophi Cam HD,3,"Matoral psamófilo (espina cruz y cáctus) buena cobertura, ca. 15-20 m de camino, 100-150 m ruta",
LG,LG01_3,camera,-54.530039,-34.777037,30/7/2019,2/10/2019,64,NA,11:55,Bosque psamófilo,,,Bushnell,Trophi Cam HD,2,"islote de monte en pastizal pastoreado, 200 m de L. Larga",
LG,LG02_1,camera,-54.521871,-34.759463,7/8/2019,2/10/2019,56,NA,11:15,Bosque psamófilo,,,Bushnell,Trophi Cam HD,2,"Islote aislado de Bque psamófilo, en claro en loma, a 30 mt de juncal de L Garzón, area afectada por ganadería",
LG,LG02_2,camera,-54.5273673,-34.761893,7/8/2019,2/10/2019,56,NA,11:05,Bosque psamófilo,,,Bushnell,Trophi Cam HD,2,"Trillo dentro de fragmento de bque psamófilo, con escaso desarrollo de sotobosque por ganado, a 100 m de laguneta y 50 m de juncal de L Garzón",
LG,LG02_3,camera,-54.522898,-34.764134,7/8/2019,2/10/2019,4,NA,10:55,Bosque psamófilo,,,Bushnell,Trophi Cam HD,2,"Trillo detro de fragmento pequeño o islote de bosque psamófilo, en área degradada, con efecto de ganadería, 150 m de laguneta, 180 de tajamar",
LG,LG03_1,camera,-54.549636,-34.789984,7/8/2019,2/10/2019,56,NA,13:35,Monte de pinos y acacia,,,Bushnell,Trophi Cam HD,2,"Alambrado junto a casa abandonada, 10 mts de playa sobre laguna garzón, monte abierto de pino y acacia, sotobosque abierto con abundantes tunas, que se cierra un poco al alejarse más del borde, 80 m de otra casa",
LG,LG03_2,camera,-54.546438,-34.784389,7/8/2019,2/10/2019,56,NA,13:17,Monte de pinos y acacia,,,Bushnell,Trophi Cam HD,2,"monte de pino y acacia poco abierto, 30 m de playa sobre L Garzón, 30 m sendero de bajada a la playa, sotobosque abierto, 80 m de casa",
LG,LG03_3,camera,-54.54397,-34.788563,7/8/2019,2/10/2019,56,NA,13:47,Monte de pinos y acacia,,,Bushnell,Trophi Cam HD,2,"Ecotono entre bosque de pino con acacias y matorral/bosque achaparrado de acacias, 10 m de claro, 40 m de calle, 150 m de ruta, sotobosque cerrado",
LG,LG04_1,camera,-54.566506,-34.795876,7/8/2019,2/10/2019,56,NA,14:00,Matorral psamófilo,,,Bushnell,Trophi Cam HD,3,"borde de pequeño fragmento de monte/matorral de acacia, rodeado de pradera psamófila y húmeda, 70 m de costa laguna garzón, 170 m de laguneta, 80 m de humedal, 360 m de casa de pescadores",
LG,LG04_2,camera,-54.567029,-34.798027,7/8/2019,2/10/2019,56,NA,14:10,Matorral psamófilo,,,Bushnell,Trophi Cam HD,2,"islote de acacia achaparrada pegado a laguneta, 90 m de costa de L Garzón, 170 m de casa de pescadores",
LG,LG04_3,camera,-54.563236,-34.798355,7/8/2019,2/10/2019,56,NA,14:20,Matorral psamófilo,,,Bushnell,Trophi Cam HD,3,"junto a trillo pegado a alambrado, islote de acacia, 30 mts costa de L Garzón, 80 m ruta, 100 m containers de SNAP, 200 m casas de pescadores",
LG,LG06_1,camera,-54.608648,-34.767797,24/9/2020,29/10/2020,35,11:55,15:18,Pradera,,,,,,"cañada, borde fragm. mte. ribereño, pradera arbustiva, gramíneas altas",
LG,LG06_2,camera,-54.609301,-34.771532,24/9/2020,29/10/2020,14,12:20,15:05,Pradera,,,,,,"pastizal/campo natural, con pocos arburtos bajos aislados, en lomada",
LG,LG06_3,camera,-54.614215,-34.768358,24/9/2020,29/10/2020,35,12:45,15:28,Pradera inundable,,,,,,"junto a tajamar, padera nativa arbustiva, con caraguatá y chirca",
LG,LG07_1,camera,-54.616949,-34.786105,24/9/2020,29/10/2020,35,,14:38,Matorral,,,,,,"matorral, borde de fragmento de mte., separada de arroyo por caragualtal/ceibal (<100m)",
LG,LG07_2,camera,-54.617827,-34.782804,24/9/2020,29/10/2020,35,,14:18,Ceibal,,,,,,ceibal junto a arroyo,
LG,LG07_3,camera,-54.621631,-34.782831,24/9/2020,29/10/2020,35,,14:08,Pradera indundable,,,,,,"pradera pastoreada con caraguatá, chirca, carqueja; pasto muy corto, sobre arbusto, cerca de pequeño fragm. de monte con disturbio por ganado",
LG,LG08_1,camera,-54.602919,-34.813286,24/9/2020,29/10/2020,35,,10:51,Matorral psamófilo,,,,,,"matorral psamófilo +acacia y pino, junto a caragualtal, cañada intermédanos",
LG,LG08_2,camera,-54.604417,-34.816178,24/9/2020,29/10/2020,35,,11:05,Monte de pinos y acacia,,,,,,"cerca de la ruta (50m), matorral, monte abierto de acacia-pino, medanos, pastizal arenos, ",
LG,LG08_3,camera,-54.597117,-34.811813,24/9/2020,29/10/2020,9,,11:15,Matorral psamófilo,,,,,,"claro en matorral psamófilo, dominado por espina de la cruz, 70m de la ruta",
LG,LG09_2,camera,-54.507441,-34.772826,24/9/2020,29/10/2020,35,,9:28,Matorral psamófilo,,,,,,"monte de pino/matorral psamófilo/pastizal psamófilo, cerca de ruta",
LG,LG09_3,camera,-54.510028,-34.770883,24/9/2020,29/10/2020,35,,9:45,Pradera,,,,,,"padera, sobre árbol aislado, junto a bañado (al N del final de la laguna larga). Se obsevó pareja de C thous al otro lado de bañado (monte de pino contra ruta)",
LG,LG10_1,camera,-54.505153,-34.752656,25/9/2020,30/10/2020,35,11:10,10:36,Bosque psamófilo,,,,,,trilo entrada fragm. monte psamófilo,
LG,LG10_2,camera,-54.506908,-34.748659,25/9/2020,30/10/2020,35,,10:46,Bosque psamófilo,,,,,,dentro de fragmento grande de monte psamófilo,
LG,LG10_3,camera,-54.501843,-34.750208,25/9/2020,30/10/2020,35,11:40,11:00,Bosque psamófilo,,,,,,fragmento de monte psamófilo pequeño muy intervenidodentro de los límites del barrio,
LG,LG11_1,camera,-54.532408,-34.715369,25/9/2020,29/10/2020,34,,16:30,Matorral psamófilo,,,,,,"matorral psamófilo jinto a caraguatal, separado de Aº Garzón por sauzal o ceibal",
LG,LG11_3,camera,-54.530934,-34.719601,25/9/2020,29/10/2020,34,,16:30,Bosque ribereño,,,,,,"fragmento pequeño de monte, junto a caraguatal y pradera (cordero muerto en la entrada)",
LG,LG12_1,camera,-54.561948,-34.75312,25/9/2020,30/10/2020,35,17:13,12:12,Bosque ribereño,,,,,,"arboleda, monte junto a laguna",
LG,LG12_2,camera,-54.56558,-34.749818,25/9/2020,30/10/2020,35,17:37,12:00,Pradera,ganadero,,,,,monte abierto sobre albardón,
LG,LG12_3,camera,-54.568274,-34.752903,25/9/2020,30/10/2020,35,17:55,11:50,Pradera,ganadero,,,,,pradera pastoreada por ovejas (ñandú y axis),
LR,LR01_1,camera,-54.295214,-34.669509,13/11/2020,19/12/2020,36,15:45,13:40,,,,Browning,BTC-5HDX,,"Fragmento monte (coronilla) pequeño, junto a trillo que entra",
LR,LR01_2,camera,-54.297995,-34.67298,13/11/2020,19/12/2020,36,16:00,14:02,,,,Browning,BTC-5HDX,,"Fragmento monte (coronilla) grande, dentro, varios trillos, poco sotobosque",
LR,LR01_3,camera,-54.293302,-34.673,13/11/2020,19/12/2020,36,16:25,13:52,,,,Stealth,,,"Caraguatal, pastizal inundable",
LR,LR02_1,camera,-54.306268,-34.653119,13/11/2020,19/12/2020,36,17:08,14:37,,,,Stealth,,,"Eucaliptus en pradera inundable corta pastoreada, ca. 550m encierro carpinchos",
LR,LR02_2,camera,-54.310798,-34.655086,13/11/2020,19/12/2020,36,,14:30,,,,Bushnell,HD,,"Caraguatal, orilla Aº, junto a juncal, pradera corta",
LR,LR02_3,camera,-54.306478,-34.657031,13/11/2020,19/12/2020,1,,14:47,,,,Bushnell,HD,,"Pradera corta pastoreada, en poste de alambrado de piedra","alguien saca la cámara, se desconfigura y apaga"
LR,LR03_1,camera,-54.355756,-34.693836,14/11/2020,19/12/2020,8,,15:14,,,,Browning,BTC-5HDX,,Línea de Eucaliptus entre pradera ganaderas,
LR,LR03_2,camera,-54.36034,-34.693109,14/11/2020,19/12/2020,35,,15:21,,,,Bushnell,CV,,Caraguatal junto a bañado en pradera inundable pastoreada corta,
LR,LR03_3,camera,-54.35704,-34.689954,14/11/2020,19/12/2020,7,,15:30,,,,Stealth,,,Pradera ganadera corta,
LR,LR04_1,camera,-54.356739,-34.674588,14/11/2020,18/12/2020,0,,,,,,Stealth,,,Pequeño caraguatal junto a Aº y pradera pastoreada,
LR,LR04_2,camera,-54.353531,-34.67159,14/11/2020,18/12/2020,34,,11:44:00,,,,Bushnell,HD,,"Poste alambrado entre praderas pastoreadas, una muy corta, otra altura media",
LR,LR04_3,camera,-54.35877,-34.670562,14/11/2020,18/12/2020,15,,11:56:00,,,,Bushnell,CV,,Pradera corta pastoreada c/Senecio,
LR,LR05_1,camera,-54.336809,-34.681685,14/11/2020,18/12/2020,22,,,,,,Browning,BTC-5HDX,,"Área parquizada, fragm. monte Eucaliptus, junto a pradera ganadera",
LR,LR05_2,camera,-54.341566,-34.683678,14/11/2020,18/12/2020,34,,13:53:00,,,,Browning,BTC-5HDX,,Monte pequeño roble,
LR,LR05_3,camera,-54.341157,-34.679512,14/11/2020,18/12/2020,14,,14:07:00,,,,Browning,BTC-5HDX,,"Monte Eucaliptus, junto a pradera de trebol",
LR,LR06_1,camera,-54.319614,-34.683983,14/11/2020,18/12/2020,34,,12:51:00,,,,Browning,BTC-5HDX,,Línea Eucaliptus e/ praderas pastoreadas,
LR,LR06_2,camera,-54.314263,-34.685124,14/11/2020,18/12/2020,34,,12:43:00,,,,Bushnell,HD,,"Poste alambrado entre praderas pastoreadas, muy cortas (probablemente no activada)",
LR,LR06_3,camera,-54.314537,-34.681083,14/11/2020,18/12/2020,0,,12:32:00,,,,Bushnell,CV,,"Línea de Eucaliptus entre pradera ganaderas, cercano a tajamar",
LR,LR07_1,camera,-54.322603,-34.665453,15/11/2020,18/12/2020,19,12:26,14:26:00,,,,Browning,BTC-5HDX,,"Espinos solitarios rodeado de espina de la cruz, junto a cañada, pradera pastoreada corta",
LR,LR07_2,camera,-54.322067,-34.661268,15/11/2020,18/12/2020,33,12:43,14:37:00,,,,Stealth,,,"Junto a poza en cañada, pradera corta pastoreada",
LR,LR07_3,camera,-54.326557,-34.662368,15/11/2020,18/12/2020,1,12:57,14:46:00,,,,Bushnell,HD,,"Cañada seca, pradera corta pastoreada, cercana a tajamar",
LR,LR08_1,camera,-54.382211,-34.675962,14/11/2020,18/12/2020,34,,19:10:00,,,,Stealth,,,"Poste alambrado, pradera junto a cortina de Eucaliptus, 20m Aº",
LR,LR08_2,camera,-54.380968,-34.671861,14/11/2020,18/12/2020,34,,18:48:00,,,,Bushnell,HD,,"Estaca, contra alambrado, caraguatal, cercana a Aº, junto a camino",
LR,LR08_3,camera,-54.376764,-34.67201,14/11/2020,18/12/2020,34,,19:00:00,,,,Browning,BTC-5HDX,,"árbol aislado en caraguatal, junto a Aº",
LR,LR09_1,camera,-54.3668,-34.658287,15/11/2020,18/12/2020,33,13:53,18:29:00,,,,Stealth,,,"Junto a tronco caído, la lado bañado grande, pradera corta c/carqueja, pastoreada",
LR,LR09_2,camera,-54.369993,-34.661139,15/11/2020,18/12/2020,33,14:11,18:37:00,,,,Bushnell,HD,,Pradera corta pastoreada c/carqueja,
LR,LR09_3,camera,-54.371422,-34.657602,15/11/2020,18/12/2020,33,14:31,18:23:00,,,,Browning,BTC-5HDX,,"Poste alambrado junto a prqueño fragmento monte, pradera pastoreada",
LR,LR10_1,camera,-54.381163,-34.692501,15/11/2020,18/12/2020,0,15:03,19:20:00,,,,Stealth,,,"Juno a tronco, pradera pastoreada, junto a tapera",
LR,LR10_2,camera,-54.386116,-34.691665,15/11/2020,18/12/2020,33,15:20,19:27:00,,,,Browning,BTC-5HDX,,"Pradera pastoreada, estaca junto a alambrado (se baja rango de detección)",
LR,LR10_3,camera,-54.382202,-34.688954,15/11/2020,18/12/2020,33,15:35,19:35:00,,,,Browning,BTC-5HDX,,Pradera pastoreada (se baja rango de detección),
LR,LR11_0,soundrecording,-54.23722903,-34.52766904,11/9/2021,25/10/2021,,,,,,,,,,,
LR,LR11_1,camera,-54.23695603,-34.52514499,11/09/2021,25/10/2021,44,15:19,09:17:00,Pradera inundable/Humedal/Pajonal,Ganadero,estaca,Stealth,,,Contra cañada/caraguatal. Abundante trébol y otras especies palatables.,
LR,LR11_2,camera,-54.23802297,-34.52958397,11/09/2021,25/10/2021,44,16:12,09:05:00,Pradera inundable/Humedal/Pajonal,Ganadero,estaca,Browning,BTC-5HDX,,Estaca en caraguatal. Hay alambre eléctrico por lo que no ingresaría el ganado. Mucho pasto adelante.,
LR,LR11_3,camera,-54.23429294,-34.52788085,11/09/2021,25/10/2021,44,15:51,09:29:00,Pradera inundable/Humedal/Pajonal,Ganadero,estaca,Browning,BTC-5HDX,,A 380m de la otra cámara. En poste de alambrado eléctrico.,
LR,LR12_0,soundrecording,-54.25318801,-34.54038799,11/09/2021,25/10/2021,,,,,,,,,,,
LR,LR12_1,camera,-54.25402603,-34.53839997,11/09/2021,25/10/2021,44,17:17,09:59:00,Pradera inundable,Ganadero,estaca,Browning,BTC-5HDX,,Cercana a Arroyo de las Conchas. En poste de alambrado eléctrico. Perro.,
LR,LR12_2,camera,-54.25493999,-34.54252797,11/09/2021,25/10/2021,44,17:33,10:07:00,Pradera inundable/Humedal/Pajonal,Ganadero,estaca,Browning,BTC-5HDX,,"Cercana a Arroyo de las Conchas, se obs resaca de palos cerca. Los pollos se colocan en S. madagascariensis. Parte del campo se ve marrón por aplicación de glifosato.",
LR,LR12_3,camera,-54.25089296,-34.54171199,11/09/2021,25/10/2021,43,18:00,10:15:00,Pradera inundable,Ganadero,estaca,Browning,BTC-5HDX,,Los pollos se colocan en S. madagascariensis.,
LR,LR13_0,soundrecording,-54.24312193,-34.55617664,12/09/2021,25/10/2021,,,,,,,,,,,
LR,LR13_1,camera,-54.2410495,-34.55448794,12/09/2021,25/10/2021,43,10:47,11:31:00,Pradera inundable/Tajamar,Ganadero,estaca,Browning,BTC-5HDX,,En poste de alambrado mirando hacia tajamar.,
LR,LR13_2,camera,-54.24187738,-34.55903043,12/09/2021,25/10/2021,43,11:15,11:42:00,Pradera con afloramiento rocoso,Ganadero,estaca,Bushnell,,,Pradera con afloramiento rocoso pegada a bañado. Se obs Parodia corynodes y S madagascariensis.,
LR,LR13_3,camera,-54.24456345,-34.55589124,12/09/2021,25/10/2021,43,,11:52:00,Pradera inundable/Humedal/Pajonal,Ganadero,estaca,Browning,BTC-5HDX,,Caraguatal. Resaca de subida del nivel de agua.,
LR,LR14_0,soundrecording,-54.33586383,-34.59442897,12/09/2021,24/10/2021,,,,,,,,,,,
LR,LR14_1,camera,-54.33664972,-34.59164995,12/09/2021,24/10/2021,43,14:50,09:35:00,Humedal/pajonal,Ganadero,estaca,Browning,BTC-5HDX,,Sausal inundado. Dentro del sausal no llegaría el ganado pero afuera alta carga ganadera.,
LR,LR14_2,camera,-54.33526184,-34.59425731,12/09/2021,24/10/2021,43,15:14,09:55:00,Pradera inundable/Humedal/Pajonal,Ganadero,estaca,Bushnell,,,En caraguatal. Perro.,
LR,LR14_3,camera,-54.3393704,-34.59548308,12/09/2021,24/10/2021,0,15:29,10:04:00,Pradera inundable,Ganadero,estaca,Stealth,,,Pollos en caraguatás. Casi en charco.,
LR,LR15_0,soundrecording,-54.35530323,-34.59684187,12/09/2021,24/10/2021,,,,,,,,,,,
LR,LR15_1,camera,-54.3564295,-34.59344963,12/09/2021,24/10/2021,43,16:52,10:52:00,Pradera inundable,Ganadero,estaca,,,,Cerca a tajamar. Pollos enterrados.,
LR,LR15_2,camera,-54.3517027,-34.59742181,12/09/2021,24/10/2021,42,17:05,10:27:00,Pradera inundable,Ganadero,estaca,Browning,BTC-5HDX,,Estaca contra barranca. 2 pollos enterrados.,
LR,LR15_3,camera,-54.35674039,-34.59771283,12/09/2021,24/10/2021,41,17:25,,Pradera inundable,Ganadero,estaca,Bushnell,,,Cerca a tajamar.,
LR,LR16_0,soundrecording,-54.36699003,-34.58113804,13/09/2021,24/10/2021,,,,,,,,,,,
LR,LR16_1,camera,-54.37018404,-34.58007697,13/09/2021,24/10/2021,41,15:31,12:10:00,Pradera inundable,Ganadero,estaca,,,,Caraguatal en cañada Zanja Honda. Perro.,
LR,LR16_2,camera,-54.36604899,-34.58229499,13/09/2021,24/10/2021,41,15:47,12:19:00,Pradera inundable,Ganadero,estaca,Browning,BTC-5HDX,,"Cañada Zanja Honda, pegado a espina cruz mirando a caraguatal. Perro con peón.",
LR,LR16_3,camera,-54.36552001,-34.57792399,13/09/2021,24/10/2021,41,16:00,12:29:00,Pradera inundable,Ganadero,estaca,Browning,BTC-5HDX,,Estaca contra B. trimera y E. horridum.,
LR,LR17_0,soundrecording,-54.34893097,-34.57196304,13/09/2021,24/10/2021,,,,,,,,,,,
LR,LR17_1,camera,-54.349583,-34.57375903,13/09/2021,24/10/2021,41,17:02,13:11:00,Pradera inundable,Ganadero,estaca,Browning,BTC-5HDX,,Cañada Zanja Honda. Estaca en caraguatá apuntando a Senecio.,
LR,LR17_2,camera,-54.34757704,-34.57048698,13/09/2021,24/10/2021,41,17:17,12:59:00,Cortina de Eucalyptus,Ganadero,tronco,Bushnell,,,En tronco de Eucalyptus. Se obs feca en tronco de árbol cercano. Se obs algunas especies de árboles nativos como Coronilla creciendo dentro de la cortina.,
LR,LR17_3,camera,-54.351051,-34.57103399,13/09/2021,24/10/2021,39,17:38,12:53:00,Cortina de Eucalyptus,Ganadero,estaca,Bushnell,,,Estaca contra Eucalyptus. Mucho C. dactylon.,
LR,LR18_0,soundrecording,-54.24489965,-34.64460874,14/09/2021,23/10/2021,,,,,,,,,,,
LR,LR18_1,camera,-54.24716997,-34.64253623,14/09/2021,23/10/2021,39,10:52,,Pradera psamófila,Ganadero,estaca,,,,Sobre parche de psamófilo que da hacia pradera y bañado. Estaca contra Espina de la cruz. Perros.,
LR,LR18_2,camera,-54.24750231,-34.64787257,14/09/2021,23/10/2021,39,11:42,,Cortina de Eucalyptus,Ganadero,tronco,Browning,BTC-5HDX,,Instalada en cortina que da a cañada/caraguatal.,
LR,LR18_3,camera,-54.24242975,-34.64535959,14/09/2021,23/10/2021,39,12:14,,Pradera inundable,Ganadero,estaca,Browning,BTC-5HDX,,Instalada en poste de alambrado. A lo lejos está el tajamar y pajonal asociado. Perro.,
LR,LR19_0,soundrecording,-54.23902301,-34.66055104,14/09/2021,23/10/2021,,,,,,,,,,,
LR,LR19_1,camera,-54.23682301,-34.66138202,14/09/2021,23/10/2021,39,10:09,16:30:00,Pradera/matorral psamófilo/Cortina de Eucalyptus,Ganadero,estaca,Browning,BTC-5HDX,,"Instalada en poste de alambrado. Tajamar en pradera ganadera, entre cortinas de Eucalyptus, cerca de relictos de matorral psamófilo y costa de laguna. Perros.",
LR,LR19_2,camera,-54.23798198,-34.65712099,14/09/2021,23/10/2021,39,10:41,16:12:00,Cortina de Eucalyptus,Ganadero,tronco,Browning,BTC-5HDX,,Entre praderas ganaderas. Perros.,
LR,LR19_3,camera,-54.24125796,-34.66098899,14/09/2021,23/10/2021,39,11:00,16:20:00,Pradera inundable,Ganadero,estaca,Bushnell,,,Cerca de la costa de la Laguna y humedales.,
LR,LR20_0,soundrecording,-54.21921004,-34.65466602,14/09/2021,23/10/2021,,,,,,,,,,,
LR,LR20_1,camera,-54.21794102,-34.652938,14/09/2021,23/10/2021,39,12:02,17:16:00,Cortina de Eucalyptus,Ganadero,tronco,Browning,BTC-5HDX,,"Entre praderas ganaderas, a 25-30 m del camino.",
LR,LR20_2,camera,-54.22312204,-34.65271798,14/09/2021,23/10/2021,39,12:20,17:06:00,Pradera,Ganadero,estaca,Browning,BTC-5HDX,,Junto a una cortina de Eucalyptus. Tajamar. Perro y gato.,
LR,LR20_3,camera,-54.21926703,-34.65585097,14/09/2021,23/10/2021,39,12:34,17:23:00,Humedal/pajonal,Ganadero,estaca,Browning,BTC-5HDX,,Entre cortina de Eucalyptus y bañado con caraguatal. Cerca de entrada. Perro,
PT,PT00_1,camera,-53.658893,-33.961893,30/4/2022,2/7/2022,63,10:32,9:53,Bosque ribereño,,tronco,Browning,,2,No parece pasar gente. ,
PT,PT00_2,camera,-53.657261,-33.964821,30/4/2022,2/7/2022,63,11:00,10:14,Humedal/pajonal/cuerpo de agua,,estaca,Stealth,,2,Reserva. Caza furtiva. ,
PT,PT00_3,camera,-53.65291,-33.964745,30/4/2022,2/7/2022,63,11:29,9:37,Ceibal,,tronco,Bushnell,,2,Ceibal contra laguna y bañado. Cam colocada frente a trillo con huellas y fecas de carpinchos. ,
PT,PT01_1,camera,-53.638556,-33.977588,30/4/2022,2/7/2022,63,12:57,11:05,Bosque ribereño,,tronco,Stealth,,2,"Abundante sotobosque, melica. Cam apunta a trillo. Zona de caza furtiva. ",
PT,PT01_2,camera,-53.642083,-33.975566,30/4/2022,2/7/2022,60,13:19,11:16,Bosque ribereño,,tronco,Browning,,2,Melica en sotobosque. Cam apunta a trillo.  Zona de caza furtiva. Se obs heces de jabalí.,
PT,PT01_3,camera,-53.63761,-33.973485,30/4/2022,2/7/2022,48,13:59,11:29,Pradera/Chircal,,estaca,Bushnell,,2,Zona sin ganado (pastos altos y chircas). Presencia de la EEI Cynodon dactylon. Se obs heces de carpincho.,Mal fecha y hora.
PT,PT02_1,camera,-53.633159,-33.95563,30/4/2022,2/7/2022,63,12:44,11:20,Pradera indundable/humedal/pajonal,Ganadero,estaca,Bushnell,,2,Palmeras aisladas.,
PT,PT02_2,camera,-53.630329,-33.954793,30/4/2022,2/7/2022,63,13:11,11:01,"Matorral/arbustal, Pradera inundable, Pajonal",Ganadero,tronco,Stealth,,2,Pradera-pajonal con más matorral y palmeras.,
PT,PT02_3,camera,-53.630999,-33.959189,30/4/2022,2/7/2022,63,13:26,10:52,Pradera con pendiente.,Ganadero,tronco,Stealth,,2,"Pradero con pendientes, Bastante mas palmeras. Cam instalada cerca del alambrado.",
PT,PT00_0,soundrecording,-53.656037,-33.963191,30/4/2022,2/7/2022,,10:14,10:00,,,,,,,,
PT,PT01_0,soundrecording,-53.639038,-33.975584,30/4/2022,2/7/2022,,12:33,11:05,,,,,,,,
PT,PT02_0,soundrecording,-53.631996,-33.956243,30/4/2022,2/7/2022,,12:27,11:08,,,,,,,,
SG,SG01_1,camera,-55.46748698,-34.71565601,19/6/2020,15/8/2020,43,14:08,,,,,,,,,
SG,SG01_2,camera,-55.46793097,-34.71934497,19/6/2020,15/8/2020,57,15:10,,,,,,,,,
SG,SG01_3,camera,-55.46212801,-34.71612004,19/6/2020,15/8/2020,36,16:00,,,,,,,,,
SG,SG03_1,camera,-55.47643399,-34.74101001,19/6/2020,15/8/2020,57,16:50,,,,,,,,,
SG,SG03_2,camera,-55.48169103,-34.74159197,19/6/2020,15/8/2020,57,17:20,,,,,,,,,
SG,SG03_3,camera,-55.475803,-34.74412397,19/6/2020,15/8/2020,57,18:00,,,,,,,,,
SG,SG04_1,camera,-55.505529,-34.73059399,19/6/2020,15/8/2020,54,10:09,,,,,,,,,
SG,SG04_2,camera,-55.50024999,-34.73205202,19/6/2020,15/8/2020,54,11:11,,,,,,,,,
SG,SG04_3,camera,-55.50240397,-34.72933997,19/6/2020,15/8/2020,45,11:55,,,,,,,,,
SG,SG07_1,camera,-55.40508304,-34.77484197,3/7/2020,15/8/2020,43,13:30,,,,,,,,,
SG,SG07_2,camera,-55.40189297,-34.77513199,3/7/2020,15/8/2020,4,13:57,,,,,,,,,
SG,SG07_3,camera,-55.40420302,-34.77270903,3/7/2020,15/8/2020,43,14:37,,,,,,,,,
SM,SM01-0,soundrecording,-53.5353769,-33.7016786,12/12/2022,6/2/2023,,,,,,,,,,,
SM,SM01-1,camera,-53.536598,-33.7038516,12/12/2022,6/2/2023,56,,,,,,,,,,
SM,SM01-2,camera,-53.5320736,-33.7018312,12/12/2022,6/2/2023,56,,,,,,,,,,
SM,SM01-3,camera,-53.5384385,-33.7001787,12/12/2022,6/2/2023,56,,,,,,,,,,
SM,SM03-0,soundrecording,-53.5570457,-33.6934161,11/12/2022,6/2/2023,,,,,,,,,,,
SM,SM03-1,camera,-53.5573432,-33.6910183,11/12/2022,6/2/2023,26,,,,,,,,,,
SM,SM03-2,camera,-53.5602457,-33.6929367,11/12/2022,6/2/2023,23,,,,,,,,,,
SM,SM03-3,camera,-53.5548904,-33.6948905,11/12/2022,6/2/2023,22,,,,,,,,,,
SM,SM04-0,soundrecording,-53.5637136,-33.7104652,12/12/2022,7/2/2023,,,,,,,,,,,
SM,SM04-1,camera,-53.5623164,-33.7088493,12/12/2022,7/2/2023,57,,,,,,,,,,
SM,SM04-2,camera,-53.5625884,-33.7112307,12/12/2022,7/2/2023,57,,,,,,,,,,
SM,SM04-3,camera,-53.566662,-33.7119268,,,,,,,,,,,,,
SM,SM05-0,soundrecording,-53.5850469,-33.7122908,11/12/2022,6/2/2023,,,,,,,,,,,
SM,SM05-1,camera,-53.5878979,-33.7142178,11/12/2022,6/2/2023,57,,,,,,,,,,
SM,SM05-2,camera,-53.5837019,-33.7096925,11/12/2022,6/2/2023,24,,,,,,,,,,
SM,SM05-3,camera,-53.5811269,-33.7131478,11/12/2022,6/2/2023,57,,,,,,,,,,
SM,SM06-0,camera,-53.5760974,-33.7299531,12/12/2022,7/2/2023,,,,,,,,,,,
SM,SM06-1,camera,-53.5747833,-33.7277451,12/12/2022,7/2/2023,36,,,,,,,,,,
SM,SM06-2,camera,-53.5747482,-33.7317846,12/12/2022,7/2/2023,57,,,,,,,,,,
SM,SM06-3,camera,-53.578957,-33.7287231,12/12/2022,7/2/2023,57,,,,,,,,,,
SM,SM08ADD,camera,-53.5669629,-33.7182314,12/12/2022,7/2/2023,57,,,,,,,,,,
SM,SM09ADD,camera,-53.5529316,-33.7026917,12/12/2022,7/2/2023,57,,,,,,,,,,
SM,SM11ADD,camera,-53.5676064,-33.7028013,11/12/2022,,23,,,,,,,,,,
SM,SM12AAD,camera,-53.5785891,-33.7169486,11/12/2022,,,,,,,,,,,,
SM,SM13ADD,camera,-53.5519499,-33.7028603,12/12/2022,7/2/2023,57,,,,,,,,,,
SM,SM14ADD,camera,-53.5435638,-33.7077163,12/12/2022,,21,,,,,,,,,,
SM,SM15ADD,camera,-53.5389145,-33.7071794,12/12/2022,6/2/2023,56,,,,,,,,,,